Date,Type,Title,Info,Currency,Amount,Fees & Taxes,Net,Tax Details
31-Jan-26,Fee,Transaction fee,Order #3965299687,USD,--,($0.68),($0.68),--
31-Jan-26,Fee,Transaction fee,Order #3965299687,USD,--,($1.56),($1.56),--
31-Jan-26,Tax,Sales tax paid by buyer,Order #3965299687,USD,--,($1.44),($1.44),--
31-Jan-26,Sale,Payment for Order #3965299687,,USD,$35.84 ,--,$35.84 ,--
31-Jan-26,Fee,Processing fee,Order #3965299687,USD,--,($1.33),($1.33),--
31-Jan-26,Fee,Listing fee,Listing #1341649297,USD,--,($0.20),($0.20),--
31-Jan-26,Fee,Transaction fee,Order #3960643138,USD,--,($3.12),($3.12),--
31-Jan-26,Fee,Transaction fee,Order #3960643138,USD,--,($3.12),($3.12),--
31-Jan-26,Tax,Sales tax paid by buyer,Order #3960643138,USD,--,($7.68),($7.68),--
31-Jan-26,Fee,Processing fee,Order #3960643138,USD,--,($3.36),($3.36),--
31-Jan-26,Sale,Payment for Order #3960643138,,USD,$103.68 ,--,$103.68 ,--
31-Jan-26,Fee,Listing fee,Listing #963221772,USD,--,($0.20),($0.20),--
31-Jan-26,Fee,Listing fee,Listing #963221772,USD,--,($0.20),($0.20),--
31-Jan-26,Fee,Listing fee,Listing #963221772,USD,--,($0.20),($0.20),--
31-Jan-26,Fee,Listing fee,Listing #963221772,USD,--,($0.20),($0.20),--
31-Jan-26,Fee,Transaction fee,Order #3960585704,USD,--,($1.55),($1.55),--
31-Jan-26,Fee,Transaction fee,Order #3960585704,USD,--,($1.82),($1.82),--
31-Jan-26,Buyer Fee,Colorado Retail Delivery Fee (paid by buyer),Order #3960585704,USD,--,($0.28),($0.28),--
31-Jan-26,Tax,Sales tax paid by buyer,Order #3960585704,USD,--,($4.54),($4.54),--
31-Jan-26,Fee,Processing fee,Order #3960585704,USD,--,($1.95),($1.95),--
31-Jan-26,Sale,Payment for Order #3960585704,,USD,$56.69 ,--,$56.69 ,--
31-Jan-26,Fee,Listing fee,Listing #985489923,USD,--,($0.20),($0.20),--
31-Jan-26,Fee,Transaction fee,Order #3964946609,USD,--,($0.67),($0.67),--
31-Jan-26,Fee,Transaction fee,Order #3964946609,USD,--,($2.21),($2.21),--
31-Jan-26,Tax,Sales tax paid by buyer,Order #3964946609,USD,--,($3.93),($3.93),--
31-Jan-26,Fee,Processing fee,Order #3964946609,USD,--,($1.70),($1.70),--
31-Jan-26,Sale,Payment for Order #3964946609,,USD,$48.20 ,--,$48.20 ,--
31-Jan-26,Fee,Listing fee,Listing #4367737223,USD,--,($0.20),($0.20),--
31-Jan-26,Fee,Transaction fee,Order #3960352732,USD,--,($3.12),($3.12),--
31-Jan-26,Tax,Sales tax paid by buyer,Order #3960352732,USD,--,($4.39),($4.39),--
31-Jan-26,Buyer Fee,Colorado Retail Delivery Fee (paid by buyer),Order #3960352732,USD,--,($0.28),($0.28),--
31-Jan-26,Fee,Processing fee,Order #3960352732,USD,--,($1.83),($1.83),--
31-Jan-26,Sale,Payment for Order #3960352732,,USD,$52.67 ,--,$52.67 ,--
31-Jan-26,Fee,Listing fee,Listing #1316800608,USD,--,($0.20),($0.20),--
31-Jan-26,Fee,Listing fee,Listing #1316800608,USD,--,($0.20),($0.20),--
31-Jan-26,Marketing,Etsy Ads,"Bill for click-throughs to your shop on Jan 30, 2026",USD,--,($25.00),($25.00),--
30-Jan-26,Fee,Transaction fee,Order #3964165837,USD,--,($4.29),($4.29),--
30-Jan-26,Sale,Payment for Order #3964165837,,USD,$66.00 ,--,$66.00 ,--
30-Jan-26,Fee,Processing fee,Order #3964165837,USD,--,($2.23),($2.23),--
30-Jan-26,Fee,Listing fee,Listing #1012267979,USD,--,($0.20),($0.20),--
30-Jan-26,Fee,Listing fee,Listing #1012267979,USD,--,($0.40),($0.40),--
30-Jan-26,Fee,Transaction fee,Order #3959405390,USD,--,($1.82),($1.82),--
30-Jan-26,Fee,Transaction fee,Order #3959405390,USD,--,($1.17),($1.17),--
30-Jan-26,Tax,Sales tax paid by buyer,Order #3959405390,USD,--,($4.72),($4.72),--
30-Jan-26,Sale,Payment for Order #3959405390,,USD,$50.72 ,--,$50.72 ,--
30-Jan-26,Fee,Processing fee,Order #3959405390,USD,--,($1.77),($1.77),--
30-Jan-26,Fee,Listing fee,Listing #1341649297,USD,--,($0.20),($0.20),--
30-Jan-26,Fee,Listing fee,Listing #1254415172,USD,--,($0.20),($0.20),--
30-Jan-26,Fee,Transaction fee,Order #3963926289,USD,--,($3.12),($3.12),--
30-Jan-26,Fee,Transaction fee,Order #3963926289,USD,--,($1.56),($1.56),--
30-Jan-26,Tax,Sales tax paid by buyer,Order #3963926289,USD,--,($7.20),($7.20),--
30-Jan-26,Sale,Payment for Order #3963926289,,USD,$79.20 ,--,$79.20 ,--
30-Jan-26,Fee,Processing fee,Order #3963926289,USD,--,($2.63),($2.63),--
30-Jan-26,Fee,Listing fee,Listing #1316800608,USD,--,($0.20),($0.20),--
30-Jan-26,Fee,Listing fee,Listing #1316800608,USD,--,($0.20),($0.20),--
30-Jan-26,Fee,Listing fee,Listing #1316800608,USD,--,($0.20),($0.20),--
30-Jan-26,Fee,Transaction fee,Order #3959259252,USD,--,($0.92),($0.92),--
30-Jan-26,Fee,Transaction fee,Order #3959259252,USD,--,($1.82),($1.82),--
30-Jan-26,Tax,Sales tax paid by buyer,Order #3959259252,USD,--,($1.96),($1.96),--
30-Jan-26,Fee,Processing fee,Order #3959259252,USD,--,($1.57),($1.57),--
30-Jan-26,Sale,Payment for Order #3959259252,,USD,$44.16 ,--,$44.16 ,--
30-Jan-26,Fee,Listing fee,Listing #985070033,USD,--,($0.20),($0.20),--
30-Jan-26,Deposit,$97.71 sent to your bank account,,USD,--,--,--,--
30-Jan-26,Marketing,Etsy Ads,"Bill for click-throughs to your shop on Jan 29, 2026",USD,--,($25.00),($25.00),--
30-Jan-26,Fee,Transaction fee,Order #3963485371,USD,--,($0.87),($0.87),--
30-Jan-26,Fee,Transaction fee,Order #3963485371,USD,--,($1.56),($1.56),--
30-Jan-26,Tax,Sales tax paid by buyer,Order #3963485371,USD,--,($1.99),($1.99),--
30-Jan-26,Fee,Processing fee,Order #3963485371,USD,--,($1.43),($1.43),--
30-Jan-26,Sale,Payment for Order #3963485371,,USD,$39.42 ,--,$39.42 ,--
30-Jan-26,Fee,Listing fee,Listing #1748072704,USD,--,($0.20),($0.20),--
29-Jan-26,Fee,Transaction fee,Order #3963358199,USD,--,($0.53),($0.53),--
29-Jan-26,Tax,Sales tax paid by buyer,Order #3963358199,USD,--,($1.93),($1.93),--
29-Jan-26,Fee,Transaction fee,Order #3963358199,USD,--,($1.56),($1.56),--
29-Jan-26,Fee,Processing fee,Order #3963358199,USD,--,($1.27),($1.27),--
29-Jan-26,Sale,Payment for Order #3963358199,,USD,$34.02 ,--,$34.02 ,--
29-Jan-26,Fee,Listing fee,Listing #1341649297,USD,--,($0.20),($0.20),--
29-Jan-26,Fee,Transaction fee,Order #3963159955,USD,--,($0.87),($0.87),--
29-Jan-26,Fee,Transaction fee,Order #3963159955,USD,--,($1.43),($1.43),--
29-Jan-26,Tax,Sales tax paid by buyer,Order #3963159955,USD,--,($2.15),($2.15),--
29-Jan-26,Fee,Processing fee,Order #3963159955,USD,--,($1.38),($1.38),--
29-Jan-26,Sale,Payment for Order #3963159955,,USD,$37.58 ,--,$37.58 ,--
29-Jan-26,Fee,Listing fee,Listing #1289312648,USD,--,($0.20),($0.20),--
29-Jan-26,Fee,Transaction fee,Order #3962971553,USD,--,($0.50),($0.50),--
29-Jan-26,Fee,Transaction fee,Order #3962971553,USD,--,($1.64),($1.64),--
29-Jan-26,Tax,Sales tax paid by buyer,Order #3962971553,USD,--,($2.09),($2.09),--
29-Jan-26,Fee,Processing fee,Order #3962971553,USD,--,($1.30),($1.30),--
29-Jan-26,Sale,Payment for Order #3962971553,,USD,$34.99 ,--,$34.99 ,--
29-Jan-26,Fee,Listing fee,Listing #985070033,USD,--,($0.20),($0.20),--
29-Jan-26,Deposit,$60.11 sent to your bank account,,USD,--,--,--,--
29-Jan-26,Marketing,Etsy Ads,"Bill for click-throughs to your shop on Jan 28, 2026",USD,--,($24.99),($24.99),--
29-Jan-26,Fee,Transaction fee,Order #3957961220,USD,--,($0.52),($0.52),--
29-Jan-26,Fee,Transaction fee,Order #3957961220,USD,--,($1.56),($1.56),--
29-Jan-26,Tax,Sales tax paid by buyer,Order #3957961220,USD,--,($1.92),($1.92),--
29-Jan-26,Fee,Processing fee,Order #3957961220,USD,--,($1.27),($1.27),--
29-Jan-26,Sale,Payment for Order #3957961220,,USD,$33.94 ,--,$33.94 ,--
29-Jan-26,Fee,Listing fee,Listing #1019905683,USD,--,($0.20),($0.20),--
29-Jan-26,Fee,Transaction fee,Order #3962543443,USD,--,($0.50),($0.50),--
29-Jan-26,Fee,Transaction fee,Order #3962543443,USD,--,($1.56),($1.56),--
29-Jan-26,Tax,Sales tax paid by buyer,Order #3962543443,USD,--,($1.50),($1.50),--
29-Jan-26,Fee,Processing fee,Order #3962543443,USD,--,($1.25),($1.25),--
29-Jan-26,Sale,Payment for Order #3962543443,,USD,$33.20 ,--,$33.20 ,--
29-Jan-26,Fee,Listing fee,Listing #1289312648,USD,--,($0.20),($0.20),--
28-Jan-26,Fee,Transaction fee,Order #3962193089,USD,--,($0.52),($0.52),--
28-Jan-26,Fee,Transaction fee,Order #3962193089,USD,--,($1.56),($1.56),--
28-Jan-26,Tax,Sales tax paid by buyer,Order #3962193089,USD,--,($2.84),($2.84),--
28-Jan-26,Fee,Processing fee,Order #3962193089,USD,--,($1.30),($1.30),--
28-Jan-26,Sale,Payment for Order #3962193089,,USD,$34.86 ,--,$34.86 ,--
28-Jan-26,Fee,Listing fee,Listing #1748072704,USD,--,($0.20),($0.20),--
28-Jan-26,Deposit,$118.64 sent to your bank account,,USD,--,--,--,--
28-Jan-26,Marketing,Etsy Ads,"Bill for click-throughs to your shop on Jan 27, 2026",USD,--,($25.00),($25.00),--
27-Jan-26,Marketing,Fee for sale made through Offsite Ads,Order #3956802056,USD,--,($3.94),($3.94),--
27-Jan-26,Fee,Transaction fee,Order #3956802056,USD,--,($0.57),($0.57),--
27-Jan-26,Fee,Transaction fee,Order #3956802056,USD,--,($1.56),($1.56),--
27-Jan-26,Tax,Sales tax paid by buyer,Order #3956802056,USD,--,($2.91),($2.91),--
27-Jan-26,Fee,Processing fee,Order #3956802056,USD,--,($1.32),($1.32),--
27-Jan-26,Sale,Payment for Order #3956802056,,USD,$35.72 ,--,$35.72 ,--
27-Jan-26,Fee,Listing fee,Listing #1316797090,USD,--,($0.20),($0.20),--
27-Jan-26,Fee,Transaction fee,Order #3961494983,USD,--,($1.43),($1.43),--
27-Jan-26,Fee,Transaction fee,Order #3961494983,USD,--,($1.56),($1.56),--
27-Jan-26,Tax,Sales tax paid by buyer,Order #3961494983,USD,--,($4.83),($4.83),--
27-Jan-26,Fee,Processing fee,Order #3961494983,USD,--,($1.77),($1.77),--
27-Jan-26,Sale,Payment for Order #3961494983,,USD,$50.83 ,--,$50.83 ,--
27-Jan-26,Fee,Listing fee,Listing #1289312648,USD,--,($0.20),($0.20),--
27-Jan-26,Fee,Listing fee,Listing #1289312648,USD,--,($0.20),($0.20),--
27-Jan-26,Fee,Transaction fee,Order #3956256564,USD,--,($0.91),($0.91),--
27-Jan-26,Fee,Transaction fee,Order #3956256564,USD,--,($1.56),($1.56),--
27-Jan-26,Tax,Sales tax paid by buyer,Order #3956256564,USD,--,($2.28),($2.28),--
27-Jan-26,Sale,Payment for Order #3956256564,,USD,$40.28 ,--,$40.28 ,--
27-Jan-26,Fee,Processing fee,Order #3956256564,USD,--,($1.46),($1.46),--
27-Jan-26,Fee,Listing fee,Listing #1294295409,USD,--,($0.20),($0.20),--
27-Jan-26,Fee,Listing fee,Listing #1755312794,USD,--,($0.20),($0.20),--
27-Jan-26,Deposit,$36.84 sent to your bank account,,USD,--,--,--,--
27-Jan-26,Marketing,Etsy Ads,"Bill for click-throughs to your shop on Jan 26, 2026",USD,--,($25.00),($25.00),--
27-Jan-26,Fee,Transaction fee,Order #3956051658,USD,--,($1.17),($1.17),--
27-Jan-26,Fee,Transaction fee,Order #3956051658,USD,--,($1.43),($1.43),--
27-Jan-26,Tax,Sales tax paid by buyer,Order #3956051658,USD,--,($3.91),($3.91),--
27-Jan-26,Fee,Processing fee,Order #3956051658,USD,--,($1.57),($1.57),--
27-Jan-26,Sale,Payment for Order #3956051658,,USD,$43.91 ,--,$43.91 ,--
27-Jan-26,Fee,Listing fee,Listing #1766137289,USD,--,($0.20),($0.20),--
27-Jan-26,Fee,Listing fee,Listing #1289312648,USD,--,($0.20),($0.20),--
26-Jan-26,Fee,Transaction fee,Order #3955716138,USD,--,($0.82),($0.82),--
26-Jan-26,Fee,Transaction fee,Order #3955716138,USD,--,($1.64),($1.64),--
26-Jan-26,Tax,Sales tax paid by buyer,Order #3955716138,USD,--,($3.31),($3.31),--
26-Jan-26,Sale,Payment for Order #3955716138,,USD,$41.11 ,--,$41.11 ,--
26-Jan-26,Fee,Processing fee,Order #3955716138,USD,--,($1.48),($1.48),--
26-Jan-26,Fee,Listing fee,Listing #1294513000,USD,--,($0.20),($0.20),--
26-Jan-26,Fee,Listing fee,Listing #985070033,USD,--,($0.20),($0.20),--
26-Jan-26,Fee,Transaction fee,Order #3960492015,USD,--,($1.00),($1.00),--
26-Jan-26,Fee,Transaction fee,Order #3960492015,USD,--,($1.69),($1.69),--
26-Jan-26,Tax,Sales tax paid by buyer,Order #3960492015,USD,--,($3.00),($3.00),--
26-Jan-26,Fee,Processing fee,Order #3960492015,USD,--,($1.58),($1.58),--
26-Jan-26,Sale,Payment for Order #3960492015,,USD,$44.33 ,--,$44.33 ,--
26-Jan-26,Fee,Listing fee,Listing #971560560,USD,--,($0.20),($0.20),--
26-Jan-26,Deposit,$210.23 sent to your bank account,,USD,--,--,--,--
26-Jan-26,Marketing,Etsy Ads,"Bill for click-throughs to your shop on Jan 25, 2026",USD,--,($25.00),($25.00),--
26-Jan-26,Fee,Transaction fee,Order #3959761611,USD,--,($0.58),($0.58),--
26-Jan-26,Fee,Transaction fee,Order #3959761611,USD,--,($1.40),($1.40),--
26-Jan-26,Tax,Sales tax paid by buyer,Order #3959761611,USD,--,($2.44),($2.44),--
26-Jan-26,Fee,Processing fee,Order #3959761611,USD,--,($1.24),($1.24),--
26-Jan-26,Sale,Payment for Order #3959761611,,USD,$32.89 ,--,$32.89 ,--
26-Jan-26,Fee,Listing fee,Listing #1748072704,USD,--,($0.20),($0.20),--
25-Jan-26,Fee,Transaction fee,Order #3954305380,USD,--,($0.55),($0.55),--
25-Jan-26,Fee,Transaction fee,Order #3954305380,USD,--,($0.53),($0.53),--
25-Jan-26,Fee,Transaction fee,Order #3954305380,USD,--,($0.53),($0.53),--
25-Jan-26,Tax,Sales tax paid by buyer,Order #3954305380,USD,--,($1.34),($1.34),--
25-Jan-26,Fee,Processing fee,Order #3954305380,USD,--,($1.03),($1.03),--
25-Jan-26,Sale,Payment for Order #3954305380,,USD,$26.07 ,--,$26.07 ,--
25-Jan-26,Fee,Listing fee,Listing #1051118348,USD,--,($0.20),($0.20),--
25-Jan-26,Fee,Listing fee,Listing #993473069,USD,--,($0.20),($0.20),--
25-Jan-26,Marketing,Fee for sale made through Offsite Ads,Order #3959061183,USD,--,($4.18),($4.18),--
25-Jan-26,Fee,Transaction fee,Order #3959061183,USD,--,($0.57),($0.57),--
25-Jan-26,Fee,Transaction fee,Order #3959061183,USD,--,($1.69),($1.69),--
25-Jan-26,Tax,Sales tax paid by buyer,Order #3959061183,USD,--,($2.31),($2.31),--
25-Jan-26,Sale,Payment for Order #3959061183,,USD,$37.12 ,--,$37.12 ,--
25-Jan-26,Fee,Processing fee,Order #3959061183,USD,--,($1.36),($1.36),--
25-Jan-26,Fee,Listing fee,Listing #1143804696,USD,--,($0.20),($0.20),--
25-Jan-26,Fee,Transaction fee,Order #3958901369,USD,--,($0.87),($0.87),--
25-Jan-26,Fee,Transaction fee,Order #3958901369,USD,--,($1.29),($1.29),--
25-Jan-26,Buyer Fee,Colorado Retail Delivery Fee (paid by buyer),Order #3958901369,USD,--,($0.28),($0.28),--
25-Jan-26,Tax,Sales tax paid by buyer,Order #3958901369,USD,--,($2.90),($2.90),--
25-Jan-26,Fee,Processing fee,Order #3958901369,USD,--,($1.34),($1.34),--
25-Jan-26,Sale,Payment for Order #3958901369,,USD,$36.36 ,--,$36.36 ,--
25-Jan-26,Fee,Listing fee,Listing #1289312648,USD,--,($0.20),($0.20),--
25-Jan-26,Marketing,Etsy Ads,"Bill for click-throughs to your shop on Jan 24, 2026",USD,--,($25.00),($25.00),--
25-Jan-26,Fee,Transaction fee,Order #3953883466,USD,--,($2.34),($2.34),--
25-Jan-26,Tax,Sales tax paid by buyer,Order #3953883466,USD,--,($2.88),($2.88),--
25-Jan-26,Fee,Processing fee,Order #3953883466,USD,--,($1.42),($1.42),--
25-Jan-26,Sale,Payment for Order #3953883466,,USD,$38.88 ,--,$38.88 ,--
25-Jan-26,Fee,Listing fee,Listing #1082317682,USD,--,($0.20),($0.20),--
25-Jan-26,Fee,Transaction fee,Order #3958695401,USD,--,($1.15),($1.15),--
25-Jan-26,Fee,Transaction fee,Order #3958695401,USD,--,($2.21),($2.21),--
25-Jan-26,Tax,Sales tax paid by buyer,Order #3958695401,USD,--,($3.49),($3.49),--
25-Jan-26,Fee,Processing fee,Order #3958695401,USD,--,($1.90),($1.90),--
25-Jan-26,Sale,Payment for Order #3958695401,,USD,$55.15 ,--,$55.15 ,--
25-Jan-26,Fee,Listing fee,Listing #1196438363,USD,--,($0.20),($0.20),--
24-Jan-26,Fee,Transaction fee,Order #3953476192,USD,--,($2.34),($2.34),--
24-Jan-26,Tax,Sales tax paid by buyer,Order #3953476192,USD,--,($2.25),($2.25),--
24-Jan-26,Fee,Processing fee,Order #3953476192,USD,--,($1.40),($1.40),--
24-Jan-26,Sale,Payment for Order #3953476192,,USD,$38.25 ,--,$38.25 ,--
24-Jan-26,Fee,Listing fee,Listing #1033533766,USD,--,($0.20),($0.20),--
24-Jan-26,Marketing,Etsy Ads,"Bill for click-throughs to your shop on Jan 23, 2026",USD,--,($25.00),($25.00),--
23-Jan-26,Marketing,Fee for sale made through Offsite Ads,Order #3957634743,USD,--,($3.70),($3.70),--
23-Jan-26,Fee,Transaction fee,Order #3957634743,USD,--,($0.58),($0.58),--
23-Jan-26,Fee,Transaction fee,Order #3957634743,USD,--,($1.43),($1.43),--
23-Jan-26,Tax,Sales tax paid by buyer,Order #3957634743,USD,--,($1.86),($1.86),--
23-Jan-26,Fee,Processing fee,Order #3957634743,USD,--,($1.23),($1.23),--
23-Jan-26,Sale,Payment for Order #3957634743,,USD,$32.71 ,--,$32.71 ,--
23-Jan-26,Fee,Listing fee,Listing #1289312648,USD,--,($0.20),($0.20),--
23-Jan-26,Fee,Transaction fee,Order #3957489075,USD,--,($2.73),($2.73),--
23-Jan-26,Tax,Sales tax paid by buyer,Order #3957489075,USD,--,($2.94),($2.94),--
23-Jan-26,Fee,Processing fee,Order #3957489075,USD,--,($1.60),($1.60),--
23-Jan-26,Sale,Payment for Order #3957489075,,USD,$44.94 ,--,$44.94 ,--
23-Jan-26,Fee,Listing fee,Listing #1838486915,USD,--,($0.20),($0.20),--
23-Jan-26,Marketing,Etsy Ads,"Bill for click-throughs to your shop on Jan 22, 2026",USD,--,($25.00),($25.00),--
22-Jan-26,Fee,Transaction fee,Order #3951358360,USD,--,($0.90),($0.90),--
22-Jan-26,Fee,Transaction fee,Order #3951358360,USD,--,($1.56),($1.56),--
22-Jan-26,Tax,Sales tax paid by buyer,Order #3951358360,USD,--,($2.99),($2.99),--
22-Jan-26,Fee,Processing fee,Order #3951358360,USD,--,($1.48),($1.48),--
22-Jan-26,Sale,Payment for Order #3951358360,,USD,$40.87 ,--,$40.87 ,--
22-Jan-26,Fee,Listing fee,Listing #1341649297,USD,--,($0.20),($0.20),--
22-Jan-26,Deposit,$72.79 sent to your bank account,,USD,--,--,--,--
22-Jan-26,Fee,Listing fee,Listing #1552430504,USD,--,($0.20),($0.20),--
22-Jan-26,Fee,Listing fee,Listing #1552437270,USD,--,($0.20),($0.20),--
22-Jan-26,Marketing,Etsy Ads,"Bill for click-throughs to your shop on Jan 21, 2026",USD,--,($25.00),($25.00),--
22-Jan-26,Fee,Transaction fee,Order #3950999724,USD,--,($0.57),($0.57),--
22-Jan-26,Fee,Transaction fee,Order #3950999724,USD,--,($1.40),($1.40),--
22-Jan-26,Fee,Processing fee,Order #3950999724,USD,--,($1.16),($1.16),--
22-Jan-26,Sale,Payment for Order #3950999724,,USD,$30.35 ,--,$30.35 ,--
22-Jan-26,Fee,Listing fee,Listing #1316800608,USD,--,($0.20),($0.20),--
21-Jan-26,Marketing,Fee for sale made through Offsite Ads,Order #3955875107,USD,--,($6.24),($6.24),--
21-Jan-26,Fee,Transaction fee,Order #3955875107,USD,--,($1.69),($1.69),--
21-Jan-26,Fee,Transaction fee,Order #3955875107,USD,--,($1.69),($1.69),--
21-Jan-26,Fee,Processing fee,Order #3955875107,USD,--,($1.81),($1.81),--
21-Jan-26,Sale,Payment for Order #3955875107,,USD,$52.00 ,--,$52.00 ,--
21-Jan-26,Fee,Listing fee,Listing #1346076039,USD,--,($0.20),($0.20),--
21-Jan-26,Fee,Listing fee,Listing #1346076039,USD,--,($0.20),($0.20),--
21-Jan-26,Fee,Transaction fee,Order #3950526828,USD,--,($0.71),($0.71),--
21-Jan-26,Fee,Transaction fee,Order #3950526828,USD,--,($1.56),($1.56),--
21-Jan-26,Sale,Payment for Order #3950526828,,USD,$37.81 ,--,$37.81 ,--
21-Jan-26,Tax,Sales tax paid by buyer,Order #3950526828,USD,--,($2.96),($2.96),--
21-Jan-26,Fee,Processing fee,Order #3950526828,USD,--,($1.38),($1.38),--
21-Jan-26,Fee,Listing fee,Listing #1019905683,USD,--,($0.20),($0.20),--
21-Jan-26,Deposit,$41.57 sent to your bank account,,USD,--,--,--,--
21-Jan-26,Marketing,Etsy Ads,"Bill for click-throughs to your shop on Jan 20, 2026",USD,--,($25.00),($25.00),--
20-Jan-26,Fee,Listing fee,Listing #1846076588,USD,--,($0.20),($0.20),--
20-Jan-26,Deposit,$351.17 sent to your bank account,,USD,--,--,--,--
20-Jan-26,Fee,Transaction fee,Order #3949332296,USD,--,($3.98),($3.98),--
20-Jan-26,Tax,Sales tax paid by buyer,Order #3949332296,USD,--,($5.57),($5.57),--
20-Jan-26,Sale,Payment for Order #3949332296,,USD,$66.77 ,--,$66.77 ,--
20-Jan-26,Fee,Processing fee,Order #3949332296,USD,--,($2.25),($2.25),--
20-Jan-26,Fee,Listing fee,Listing #1033533766,USD,--,($0.20),($0.20),--
20-Jan-26,Fee,Listing fee,Listing #1033533766,USD,--,($0.20),($0.20),--
20-Jan-26,Marketing,Etsy Ads,"Bill for click-throughs to your shop on Jan 19, 2026",USD,--,($25.00),($25.00),--
19-Jan-26,Fee,Transaction fee,Order #3954142269,USD,--,($0.50),($0.50),--
19-Jan-26,Fee,Transaction fee,Order #3954142269,USD,--,($1.56),($1.56),--
19-Jan-26,Tax,Sales tax paid by buyer,Order #3954142269,USD,--,($1.50),($1.50),--
19-Jan-26,Fee,Processing fee,Order #3954142269,USD,--,($1.25),($1.25),--
19-Jan-26,Sale,Payment for Order #3954142269,,USD,$33.20 ,--,$33.20 ,--
19-Jan-26,Fee,Listing fee,Listing #1766188891,USD,--,($0.20),($0.20),--
19-Jan-26,Fee,Listing fee,Listing #4443855470,USD,--,($0.20),($0.20),--
19-Jan-26,Fee,Listing fee,Listing #4443854096,USD,--,($0.20),($0.20),--
19-Jan-26,Fee,Listing fee,Listing #4443808155,USD,--,($0.20),($0.20),--
19-Jan-26,Fee,Listing fee,Listing #4443816454,USD,--,($0.20),($0.20),--
19-Jan-26,Fee,Transaction fee,Order #3948484570,USD,--,($0.58),($0.58),--
19-Jan-26,Fee,Transaction fee,Order #3948484570,USD,--,($1.40),($1.40),--
19-Jan-26,Tax,Sales tax paid by buyer,Order #3948484570,USD,--,($1.30),($1.30),--
19-Jan-26,Sale,Payment for Order #3948484570,,USD,$31.75 ,--,$31.75 ,--
19-Jan-26,Fee,Processing fee,Order #3948484570,USD,--,($1.20),($1.20),--
19-Jan-26,Fee,Listing fee,Listing #1047965874,USD,--,($0.20),($0.20),--
19-Jan-26,Marketing,Etsy Ads,"Bill for click-throughs to your shop on Jan 18, 2026",USD,--,($25.00),($25.00),--
19-Jan-26,Fee,Transaction fee,Order #3947953944,USD,--,($0.52),($0.52),--
19-Jan-26,Fee,Transaction fee,Order #3947953944,USD,--,($1.05),($1.05),--
19-Jan-26,Fee,Transaction fee,Order #3947953944,USD,--,($1.05),($1.05),--
19-Jan-26,Tax,Sales tax paid by buyer,Order #3947953944,USD,--,($2.68),($2.68),--
19-Jan-26,Fee,Processing fee,Order #3947953944,USD,--,($1.54),($1.54),--
19-Jan-26,Sale,Payment for Order #3947953944,,USD,$43.10 ,--,$43.10 ,--
19-Jan-26,Fee,Listing fee,Listing #1552426358,USD,--,($0.20),($0.20),--
19-Jan-26,Fee,Listing fee,Listing #1552426358,USD,--,($0.20),($0.20),--
19-Jan-26,Fee,Listing fee,Listing #1552426358,USD,--,($0.20),($0.20),--
19-Jan-26,Fee,Listing fee,Listing #1552426358,USD,--,($0.20),($0.20),--
18-Jan-26,Marketing,Etsy Ads,"Bill for click-throughs to your shop on Jan 17, 2026",USD,--,($25.00),($25.00),--
18-Jan-26,Fee,Transaction fee,Order #3952493491,USD,--,($0.96),($0.96),--
18-Jan-26,Fee,Transaction fee,Order #3952493491,USD,--,($1.56),($1.56),--
18-Jan-26,Tax,Sales tax paid by buyer,Order #3952493491,USD,--,($3.41),($3.41),--
18-Jan-26,Fee,Processing fee,Order #3952493491,USD,--,($1.51),($1.51),--
18-Jan-26,Sale,Payment for Order #3952493491,,USD,$42.12 ,--,$42.12 ,--
18-Jan-26,Fee,Listing fee,Listing #1755312794,USD,--,($0.20),($0.20),--
18-Jan-26,Fee,Transaction fee,Order #3952392007,USD,--,($0.87),($0.87),--
18-Jan-26,Fee,Transaction fee,Order #3952392007,USD,--,($1.56),($1.56),--
18-Jan-26,Tax,Sales tax paid by buyer,Order #3952392007,USD,--,($1.74),($1.74),--
18-Jan-26,Fee,Processing fee,Order #3952392007,USD,--,($1.43),($1.43),--
18-Jan-26,Sale,Payment for Order #3952392007,,USD,$39.19 ,--,$39.19 ,--
18-Jan-26,Fee,Listing fee,Listing #1019905683,USD,--,($0.20),($0.20),--
18-Jan-26,Marketing,Fee for sale made through Offsite Ads,Order #3946848248,USD,--,($5.76),($5.76),--
18-Jan-26,Fee,Transaction fee,Order #3946848248,USD,--,($3.12),($3.12),--
18-Jan-26,Buyer Fee,Colorado Retail Delivery Fee (paid by buyer),Order #3946848248,USD,--,($0.28),($0.28),--
18-Jan-26,Tax,Sales tax paid by buyer,Order #3946848248,USD,--,($4.41),($4.41),--
18-Jan-26,Fee,Processing fee,Order #3946848248,USD,--,($1.83),($1.83),--
18-Jan-26,Sale,Payment for Order #3946848248,,USD,$52.69 ,--,$52.69 ,--
18-Jan-26,Fee,Listing fee,Listing #1766188891,USD,--,($0.20),($0.20),--
18-Jan-26,Fee,Listing fee,Listing #1766188891,USD,--,($0.20),($0.20),--
17-Jan-26,Fee,Transaction fee,Order #3951967543,USD,--,($0.58),($0.58),--
17-Jan-26,Fee,Transaction fee,Order #3951967543,USD,--,($1.56),($1.56),--
17-Jan-26,Tax,Sales tax paid by buyer,Order #3951967543,USD,--,($2.31),($2.31),--
17-Jan-26,Fee,Processing fee,Order #3951967543,USD,--,($1.31),($1.31),--
17-Jan-26,Sale,Payment for Order #3951967543,,USD,$35.26 ,--,$35.26 ,--
17-Jan-26,Fee,Listing fee,Listing #1028711089,USD,--,($0.20),($0.20),--
17-Jan-26,Fee,Transaction fee,Order #3946355504,USD,--,($0.47),($0.47),--
17-Jan-26,Fee,Transaction fee,Order #3946355504,USD,--,($1.56),($1.56),--
17-Jan-26,Tax,Sales tax paid by buyer,Order #3946355504,USD,--,($1.50),($1.50),--
17-Jan-26,Fee,Processing fee,Order #3946355504,USD,--,($1.23),($1.23),--
17-Jan-26,Sale,Payment for Order #3946355504,,USD,$32.80 ,--,$32.80 ,--
17-Jan-26,Fee,Listing fee,Listing #1341649297,USD,--,($0.20),($0.20),--
17-Jan-26,Fee,Transaction fee,Order #3951792013,USD,--,($2.60),($2.60),--
17-Jan-26,Fee,Transaction fee,Order #3951792013,USD,--,($2.60),($2.60),--
17-Jan-26,Tax,Sales tax paid by buyer,Order #3951792013,USD,--,($6.00),($6.00),--
17-Jan-26,Fee,Processing fee,Order #3951792013,USD,--,($2.83),($2.83),--
17-Jan-26,Sale,Payment for Order #3951792013,,USD,$86.00 ,--,$86.00 ,--
17-Jan-26,Fee,Listing fee,Listing #1038083338,USD,--,($0.20),($0.20),--
17-Jan-26,Fee,Listing fee,Listing #1038083338,USD,--,($0.20),($0.20),--
17-Jan-26,Marketing,Etsy Ads,"Bill for click-throughs to your shop on Jan 16, 2026",USD,--,($25.00),($25.00),--
17-Jan-26,Fee,Transaction fee,Order #3951462447,USD,--,($0.84),($0.84),--
17-Jan-26,Fee,Transaction fee,Order #3951462447,USD,--,($1.29),($1.29),--
17-Jan-26,Tax,Sales tax paid by buyer,Order #3951462447,USD,--,($2.08),($2.08),--
17-Jan-26,Fee,Processing fee,Order #3951462447,USD,--,($1.30),($1.30),--
17-Jan-26,Sale,Payment for Order #3951462447,,USD,$34.84 ,--,$34.84 ,--
17-Jan-26,Fee,Credit for listing fee,Etsy Plus listing credits,USD,--,$0.20 ,$0.20 ,--
17-Jan-26,Fee,Listing fee,Listing #1803160906,USD,--,($0.20),($0.20),--
17-Jan-26,Fee,Transaction fee,Order #3951413787,USD,--,($1.08),($1.08),--
17-Jan-26,Fee,Transaction fee,Order #3951413787,USD,--,($1.56),($1.56),--
17-Jan-26,Sale,Payment for Order #3951413787,,USD,$40.58 ,--,$40.58 ,--
17-Jan-26,Fee,Processing fee,Order #3951413787,USD,--,($1.47),($1.47),--
17-Jan-26,Fee,Credit for listing fee,Etsy Plus listing credits,USD,--,$0.20 ,$0.20 ,--
17-Jan-26,Fee,Listing fee,Listing #1341649297,USD,--,($0.20),($0.20),--
16-Jan-26,Fee,Transaction fee,Order #3951292397,USD,--,($0.84),($0.84),--
16-Jan-26,Fee,Transaction fee,Order #3951292397,USD,--,($1.43),($1.43),--
16-Jan-26,Tax,Sales tax paid by buyer,Order #3951292397,USD,--,($2.37),($2.37),--
16-Jan-26,Sale,Payment for Order #3951292397,,USD,$37.33 ,--,$37.33 ,--
16-Jan-26,Fee,Processing fee,Order #3951292397,USD,--,($1.37),($1.37),--
16-Jan-26,Fee,Credit for listing fee,Etsy Plus listing credits,USD,--,$0.20 ,$0.20 ,--
16-Jan-26,Fee,Listing fee,Listing #1289312648,USD,--,($0.20),($0.20),--
16-Jan-26,Fee,Credit for listing fee,Etsy Plus listing credits,USD,--,$0.20 ,$0.20 ,--
16-Jan-26,Fee,Listing fee,Listing #4442346737,USD,--,($0.20),($0.20),--
16-Jan-26,Fee,Credit for listing fee,Etsy Plus listing credits,USD,--,$0.20 ,$0.20 ,--
16-Jan-26,Fee,Listing fee,Listing #4442344275,USD,--,($0.20),($0.20),--
16-Jan-26,Fee,Credit for listing fee,Etsy Plus listing credits,USD,--,$0.20 ,$0.20 ,--
16-Jan-26,Fee,Listing fee,Listing #4442314685,USD,--,($0.20),($0.20),--
16-Jan-26,Fee,Credit for listing fee,Etsy Plus listing credits,USD,--,$0.20 ,$0.20 ,--
16-Jan-26,Fee,Listing fee,Listing #4442312821,USD,--,($0.20),($0.20),--
16-Jan-26,Fee,Transaction fee,Order #3951154253,USD,--,($3.12),($3.12),--
16-Jan-26,Tax,Sales tax paid by buyer,Order #3951154253,USD,--,($4.44),($4.44),--
16-Jan-26,Fee,Processing fee,Order #3951154253,USD,--,($1.82),($1.82),--
16-Jan-26,Sale,Payment for Order #3951154253,,USD,$52.44 ,--,$52.44 ,--
16-Jan-26,Fee,Credit for listing fee,Etsy Plus listing credits,USD,--,$0.20 ,$0.20 ,--
16-Jan-26,Fee,Listing fee,Listing #1341649297,USD,--,($0.20),($0.20),--
16-Jan-26,Fee,Listing fee,Listing #1341649297,USD,--,($0.20),($0.20),--
16-Jan-26,Fee,Credit for listing fee,Etsy Plus listing credits,USD,--,$0.20 ,$0.20 ,--
16-Jan-26,Fee,Listing fee,Listing #4442202314,USD,--,($0.20),($0.20),--
16-Jan-26,Fee,Credit for listing fee,Etsy Plus listing credits,USD,--,$0.20 ,$0.20 ,--
16-Jan-26,Fee,Listing fee,Listing #4442192083,USD,--,($0.20),($0.20),--
16-Jan-26,Deposit,$81.23 sent to your bank account,,USD,--,--,--,--
16-Jan-26,Fee,Credit for Etsy Ads fee,Etsy Plus: Etsy Ads credits,USD,--,$5.00 ,$5.00 ,--
16-Jan-26,Marketing,Etsy Ads,"Bill for click-throughs to your shop on Jan 15, 2026",USD,--,($25.00),($25.00),--
15-Jan-26,Fee,Credit for listing fee,Etsy Plus listing credits,USD,--,$0.20 ,$0.20 ,--
15-Jan-26,Fee,Listing fee,Listing #1318080448,USD,--,($0.20),($0.20),--
15-Jan-26,Marketing,Fee for sale made through Offsite Ads,Order #3950244979,USD,--,($6.00),($6.00),--
15-Jan-26,Fee,Transaction fee,Order #3950244979,USD,--,($0.59),($0.59),--
15-Jan-26,Fee,Transaction fee,Order #3950244979,USD,--,($2.08),($2.08),--
15-Jan-26,Fee,Transaction fee,Order #3950244979,USD,--,($0.59),($0.59),--
15-Jan-26,Tax,Sales tax paid by buyer,Order #3950244979,USD,--,($3.88),($3.88),--
15-Jan-26,Fee,Processing fee,Order #3950244979,USD,--,($1.87),($1.87),--
15-Jan-26,Sale,Payment for Order #3950244979,,USD,$53.88 ,--,$53.88 ,--
15-Jan-26,Fee,Credit for listing fee,Etsy Plus listing credits,USD,--,$0.20 ,$0.20 ,--
15-Jan-26,Fee,Credit for listing fee,Etsy Plus listing credits,USD,--,$0.20 ,$0.20 ,--
15-Jan-26,Fee,Listing fee,Listing #4411644588,USD,--,($0.20),($0.20),--
15-Jan-26,Fee,Listing fee,Listing #1028711089,USD,--,($0.20),($0.20),--
15-Jan-26,Fee,Credit for listing fee,Etsy Plus listing credits,USD,--,$0.20 ,$0.20 ,--
15-Jan-26,Fee,Listing fee,Listing #4411644588,USD,--,($0.20),($0.20),--
15-Jan-26,Fee,Listing fee,Listing #1028711089,USD,--,($0.20),($0.20),--
15-Jan-26,Fee,Credit for listing fee,Etsy Plus listing credits,USD,--,$0.20 ,$0.20 ,--
15-Jan-26,Fee,Listing fee,Listing #1803163782,USD,--,($0.20),($0.20),--
15-Jan-26,Deposit,$159.23 sent to your bank account,,USD,--,--,--,--
15-Jan-26,Marketing,Etsy Plus subscription fee,,USD,--,($10.00),($10.00),--
15-Jan-26,Fee,Transaction fee,Order #3949787985,USD,--,($1.56),($1.56),--
15-Jan-26,Fee,Transaction fee,Order #3949787985,USD,--,($1.56),($1.56),--
15-Jan-26,Fee,Transaction fee,Order #3949787985,USD,--,($0.59),($0.59),--
15-Jan-26,Tax,Sales tax paid by buyer,Order #3949787985,USD,--,($5.56),($5.56),--
15-Jan-26,Sale,Payment for Order #3949787985,,USD,$62.56 ,--,$62.56 ,--
15-Jan-26,Fee,Processing fee,Order #3949787985,USD,--,($2.13),($2.13),--
15-Jan-26,Fee,Listing fee,Listing #1191233073,USD,--,($0.20),($0.20),--
15-Jan-26,Fee,Listing fee,Listing #1341649297,USD,--,($0.20),($0.20),--
15-Jan-26,Fee,Listing fee,Listing #993473069,USD,--,($0.20),($0.20),--
15-Jan-26,Marketing,Etsy Ads,"Bill for click-throughs to your shop on Jan 14, 2026",USD,--,($25.00),($25.00),--
15-Jan-26,Fee,Listing fee,Listing #1536017830,USD,--,($0.20),($0.20),--
14-Jan-26,Fee,Transaction fee,Order #3949489125,USD,--,($0.79),($0.79),--
14-Jan-26,Fee,Transaction fee,Order #3949489125,USD,--,($0.59),($0.59),--
14-Jan-26,Tax,Sales tax paid by buyer,Order #3949489125,USD,--,($1.37),($1.37),--
14-Jan-26,Fee,Processing fee,Order #3949489125,USD,--,($0.92),($0.92),--
14-Jan-26,Sale,Payment for Order #3949489125,,USD,$22.47 ,--,$22.47 ,--
14-Jan-26,Fee,Listing fee,Listing #993473069,USD,--,($0.20),($0.20),--
14-Jan-26,Fee,Transaction fee,Order #3943717264,USD,--,($1.82),($1.82),--
14-Jan-26,Fee,Transaction fee,Order #3943717264,USD,--,($1.69),($1.69),--
14-Jan-26,Tax,Sales tax paid by buyer,Order #3943717264,USD,--,($4.52),($4.52),--
14-Jan-26,Fee,Processing fee,Order #3943717264,USD,--,($2.01),($2.01),--
14-Jan-26,Sale,Payment for Order #3943717264,,USD,$58.52 ,--,$58.52 ,--
14-Jan-26,Fee,Listing fee,Listing #1803160906,USD,--,($0.20),($0.20),--
14-Jan-26,Fee,Listing fee,Listing #1803160906,USD,--,($0.20),($0.20),--
14-Jan-26,Fee,Transaction fee,Order #3949284687,USD,--,($3.12),($3.12),--
14-Jan-26,Fee,Transaction fee,Order #3949284687,USD,--,($4.68),($4.68),--
14-Jan-26,Tax,Sales tax paid by buyer,Order #3949284687,USD,--,($11.10),($11.10),--
14-Jan-26,Fee,Processing fee,Order #3949284687,USD,--,($4.18),($4.18),--
14-Jan-26,Sale,Payment for Order #3949284687,,USD,$131.10 ,--,$131.10 ,--
14-Jan-26,Fee,Listing fee,Listing #1316800608,USD,--,($0.20),($0.20),--
14-Jan-26,Fee,Listing fee,Listing #1316800608,USD,--,($0.20),($0.20),--
14-Jan-26,Fee,Listing fee,Listing #1316800608,USD,--,($0.20),($0.20),--
14-Jan-26,Fee,Listing fee,Listing #1316800608,USD,--,($0.40),($0.40),--
14-Jan-26,Fee,Listing fee,Listing #1306235941,USD,--,($0.20),($0.20),--
14-Jan-26,Fee,Transaction fee,Order #3949134493,USD,--,($0.84),($0.84),--
14-Jan-26,Fee,Transaction fee,Order #3949134493,USD,--,($1.56),($1.56),--
14-Jan-26,Tax,Sales tax paid by buyer,Order #3949134493,USD,--,($2.28),($2.28),--
14-Jan-26,Fee,Processing fee,Order #3949134493,USD,--,($1.43),($1.43),--
14-Jan-26,Sale,Payment for Order #3949134493,,USD,$39.24 ,--,$39.24 ,--
14-Jan-26,Fee,Listing fee,Listing #1803160906,USD,--,($0.20),($0.20),--
14-Jan-26,Deposit,$448.62 sent to your bank account,,USD,--,--,--,--
14-Jan-26,Fee,Listing fee,Listing #1051118348,USD,--,($0.20),($0.20),--
14-Jan-26,Marketing,Etsy Ads,"Bill for click-throughs to your shop on Jan 13, 2026",USD,--,($25.00),($25.00),--
14-Jan-26,Fee,Transaction fee,Order #3948813333,USD,--,($2.60),($2.60),--
14-Jan-26,Tax,Sales tax paid by buyer,Order #3948813333,USD,--,($3.20),($3.20),--
14-Jan-26,Sale,Payment for Order #3948813333,,USD,$43.20 ,--,$43.20 ,--
14-Jan-26,Fee,Processing fee,Order #3948813333,USD,--,($1.55),($1.55),--
14-Jan-26,Fee,Listing fee,Listing #1082317682,USD,--,($0.20),($0.20),--
13-Jan-26,Fee,Transaction fee,Order #3942845844,USD,--,($1.40),($1.40),--
13-Jan-26,Fee,Transaction fee,Order #3942845844,USD,--,($2.57),($2.57),--
13-Jan-26,Tax,Sales tax paid by buyer,Order #3942845844,USD,--,($5.97),($5.97),--
13-Jan-26,Sale,Payment for Order #3942845844,,USD,$67.17 ,--,$67.17 ,--
13-Jan-26,Fee,Processing fee,Order #3942845844,USD,--,($2.27),($2.27),--
13-Jan-26,Fee,Listing fee,Listing #1289312648,USD,--,($0.20),($0.20),--
13-Jan-26,Fee,Listing fee,Listing #1289312648,USD,--,($0.20),($0.20),--
13-Jan-26,Fee,Listing fee,Listing #1289312648,USD,--,($0.20),($0.20),--
13-Jan-26,Fee,Transaction fee,Order #3942819586,USD,--,($11.96),($11.96),--
13-Jan-26,Fee,Transaction fee,Order #3942819586,USD,--,($13.00),($13.00),--
13-Jan-26,Tax,Sales tax paid by buyer,Order #3942819586,USD,--,($24.38),($24.38),--
13-Jan-26,Fee,Processing fee,Order #3942819586,USD,--,($12.50),($12.50),--
13-Jan-26,Sale,Payment for Order #3942819586,,USD,$408.38 ,--,$408.38 ,--
13-Jan-26,Fee,Listing fee,Listing #4367739413,USD,--,($0.20),($0.20),--
13-Jan-26,Fee,Listing fee,Listing #4367739413,USD,--,($0.20),($0.20),--
13-Jan-26,Fee,Listing fee,Listing #4367739413,USD,--,($0.60),($0.60),--
13-Jan-26,Fee,Listing fee,Listing #4367739413,USD,--,($0.80),($0.80),--
13-Jan-26,Fee,Transaction fee,Order #3942563720,USD,--,($2.86),($2.86),--
13-Jan-26,Tax,Sales tax paid by buyer,Order #3942563720,USD,--,($3.19),($3.19),--
13-Jan-26,Fee,Processing fee,Order #3942563720,USD,--,($1.67),($1.67),--
13-Jan-26,Sale,Payment for Order #3942563720,,USD,$47.19 ,--,$47.19 ,--
13-Jan-26,Fee,Listing fee,Listing #1803160906,USD,--,($0.20),($0.20),--
13-Jan-26,Fee,Listing fee,Listing #1803160906,USD,--,($0.20),($0.20),--
13-Jan-26,Deposit,$42.72 sent to your bank account,,USD,--,--,--,--
13-Jan-26,Marketing,Etsy Ads,"Bill for click-throughs to your shop on Jan 12, 2026",USD,--,($25.00),($25.00),--
12-Jan-26,Fee,Credit for transaction fee,Order #3920668296,USD,--,$3.12 ,$3.12 ,--
12-Jan-26,Fee,Credit for processing fee,Order #3920668296,USD,--,$1.77 ,$1.77 ,--
12-Jan-26,Tax,Refund to buyer for sales tax,Order #3920668296,USD,--,$2.54 ,$2.54 ,--
12-Jan-26,Refund,Refund for Order #3920668296,,USD,($50.54),--,($50.54),--
12-Jan-26,Fee,Transaction fee,Order #3947551973,USD,--,($1.07),($1.07),--
12-Jan-26,Fee,Transaction fee,Order #3947551973,USD,--,($1.43),($1.43),--
12-Jan-26,Tax,Sales tax paid by buyer,Order #3947551973,USD,--,($3.17),($3.17),--
12-Jan-26,Fee,Processing fee,Order #3947551973,USD,--,($1.50),($1.50),--
12-Jan-26,Sale,Payment for Order #3947551973,,USD,$41.64 ,--,$41.64 ,--
12-Jan-26,Fee,Listing fee,Listing #1346074297,USD,--,($0.20),($0.20),--
12-Jan-26,Fee,Listing fee,Listing #4367737657,USD,--,($0.20),($0.20),--
12-Jan-26,Fee,Listing fee,Listing #4367724654,USD,--,($0.20),($0.20),--
12-Jan-26,Fee,Transaction fee,Order #3941430018,USD,--,($1.69),($1.69),--
12-Jan-26,Fee,Transaction fee,Order #3941430018,USD,--,($1.69),($1.69),--
12-Jan-26,Fee,Processing fee,Order #3941430018,USD,--,($1.94),($1.94),--
12-Jan-26,Sale,Payment for Order #3941430018,,USD,$56.29 ,--,$56.29 ,--
12-Jan-26,Tax,Sales tax paid by buyer,Order #3941430018,USD,--,($4.29),($4.29),--
12-Jan-26,Fee,Listing fee,Listing #1028711089,USD,--,($0.20),($0.20),--
12-Jan-26,Fee,Listing fee,Listing #1028711089,USD,--,($0.20),($0.20),--
12-Jan-26,Deposit,$639.28 sent to your bank account,,USD,--,--,--,--
12-Jan-26,Fee,Transaction fee,Order #3947194853,USD,--,($0.47),($0.47),--
12-Jan-26,Fee,Transaction fee,Order #3947194853,USD,--,($1.43),($1.43),--
12-Jan-26,Tax,Sales tax paid by buyer,Order #3947194853,USD,--,($1.38),($1.38),--
12-Jan-26,Fee,Processing fee,Order #3947194853,USD,--,($1.17),($1.17),--
12-Jan-26,Sale,Payment for Order #3947194853,,USD,$30.68 ,--,$30.68 ,--
12-Jan-26,Fee,Listing fee,Listing #1346076039,USD,--,($0.20),($0.20),--
12-Jan-26,Marketing,Etsy Ads,"Bill for click-throughs to your shop on Jan 11, 2026",USD,--,($25.00),($25.00),--
12-Jan-26,Marketing,Fee for sale made through Offsite Ads,Order #3947026813,USD,--,($5.18),($5.18),--
12-Jan-26,Fee,Transaction fee,Order #3947026813,USD,--,($2.81),($2.81),--
12-Jan-26,Tax,Sales tax paid by buyer,Order #3947026813,USD,--,($2.60),($2.60),--
12-Jan-26,Fee,Processing fee,Order #3947026813,USD,--,($1.62),($1.62),--
12-Jan-26,Sale,Payment for Order #3947026813,,USD,$45.80 ,--,$45.80 ,--
12-Jan-26,Fee,Listing fee,Listing #1304699234,USD,--,($0.20),($0.20),--
12-Jan-26,Fee,Listing fee,Listing #1304699234,USD,--,($0.20),($0.20),--
12-Jan-26,Marketing,Fee for sale made through Offsite Ads,Order #3940915404,USD,--,($5.76),($5.76),--
12-Jan-26,Fee,Transaction fee,Order #3940915404,USD,--,($3.12),($3.12),--
12-Jan-26,Tax,Sales tax paid by buyer,Order #3940915404,USD,--,($2.88),($2.88),--
12-Jan-26,Sale,Payment for Order #3940915404,,USD,$50.88 ,--,$50.88 ,--
12-Jan-26,Fee,Processing fee,Order #3940915404,USD,--,($1.78),($1.78),--
12-Jan-26,Fee,Listing fee,Listing #1289312648,USD,--,($0.20),($0.20),--
12-Jan-26,Fee,Listing fee,Listing #1289312648,USD,--,($0.20),($0.20),--
11-Jan-26,Fee,Transaction fee,Order #3946623379,USD,--,($2.28),($2.28),--
11-Jan-26,Tax,Sales tax paid by buyer,Order #3946623379,USD,--,($2.10),($2.10),--
11-Jan-26,Fee,Processing fee,Order #3946623379,USD,--,($1.36),($1.36),--
11-Jan-26,Sale,Payment for Order #3946623379,,USD,$37.10 ,--,$37.10 ,--
11-Jan-26,Fee,Listing fee,Listing #953043696,USD,--,($0.20),($0.20),--
11-Jan-26,Marketing,Etsy Ads,"Bill for click-throughs to your shop on Jan 10, 2026",USD,--,($25.00),($25.00),--
11-Jan-26,Fee,Transaction fee,Order #3946028225,USD,--,($0.90),($0.90),--
11-Jan-26,Fee,Transaction fee,Order #3946028225,USD,--,($1.69),($1.69),--
11-Jan-26,Tax,Sales tax paid by buyer,Order #3946028225,USD,--,($3.17),($3.17),--
11-Jan-26,Fee,Processing fee,Order #3946028225,USD,--,($1.54),($1.54),--
11-Jan-26,Sale,Payment for Order #3946028225,,USD,$42.97 ,--,$42.97 ,--
11-Jan-26,Fee,Listing fee,Listing #1053919542,USD,--,($0.20),($0.20),--
11-Jan-26,Fee,Transaction fee,Order #3945964897,USD,--,($0.55),($0.55),--
11-Jan-26,Fee,Transaction fee,Order #3945964897,USD,--,($1.33),($1.33),--
11-Jan-26,Fee,Transaction fee,Order #3945964897,USD,--,($2.65),($2.65),--
11-Jan-26,Tax,Sales tax paid by buyer,Order #3945964897,USD,--,($5.40),($5.40),--
11-Jan-26,Sale,Payment for Order #3945964897,,USD,$75.10 ,--,$75.10 ,--
11-Jan-26,Fee,Processing fee,Order #3945964897,USD,--,($2.50),($2.50),--
11-Jan-26,Fee,Listing fee,Listing #979519074,USD,--,($0.20),($0.20),--
11-Jan-26,Fee,Listing fee,Listing #1769506885,USD,--,($0.20),($0.20),--
11-Jan-26,Fee,Listing fee,Listing #1316797090,USD,--,($0.20),($0.20),--
11-Jan-26,Fee,Listing fee,Listing #1316797090,USD,--,($0.20),($0.20),--
10-Jan-26,Fee,Transaction fee,Order #3939591820,USD,--,($0.49),($0.49),--
10-Jan-26,Fee,Transaction fee,Order #3939591820,USD,--,($1.56),($1.56),--
10-Jan-26,Tax,Sales tax paid by buyer,Order #3939591820,USD,--,($1.50),($1.50),--
10-Jan-26,Fee,Processing fee,Order #3939591820,USD,--,($1.24),($1.24),--
10-Jan-26,Sale,Payment for Order #3939591820,,USD,$33.00 ,--,$33.00 ,--
10-Jan-26,Fee,Listing fee,Listing #1748072704,USD,--,($0.20),($0.20),--
10-Jan-26,Fee,Transaction fee,Order #3945782293,USD,--,($0.86),($0.86),--
10-Jan-26,Fee,Transaction fee,Order #3945782293,USD,--,($1.56),($1.56),--
10-Jan-26,Tax,Sales tax paid by buyer,Order #3945782293,USD,--,($2.79),($2.79),--
10-Jan-26,Fee,Processing fee,Order #3945782293,USD,--,($1.45),($1.45),--
10-Jan-26,Sale,Payment for Order #3945782293,,USD,$39.96 ,--,$39.96 ,--
10-Jan-26,Fee,Listing fee,Listing #1341649297,USD,--,($0.20),($0.20),--
10-Jan-26,Marketing,Fee for sale made through Offsite Ads,Order #3939327168,USD,--,($4.68),($4.68),--
10-Jan-26,Fee,Transaction fee,Order #3939327168,USD,--,($0.84),($0.84),--
10-Jan-26,Fee,Transaction fee,Order #3939327168,USD,--,($1.69),($1.69),--
10-Jan-26,Tax,Sales tax paid by buyer,Order #3939327168,USD,--,($2.08),($2.08),--
10-Jan-26,Fee,Processing fee,Order #3939327168,USD,--,($1.48),($1.48),--
10-Jan-26,Sale,Payment for Order #3939327168,,USD,$41.04 ,--,$41.04 ,--
10-Jan-26,Fee,Listing fee,Listing #1549515789,USD,--,($0.20),($0.20),--
10-Jan-26,Fee,Transaction fee,Order #3945504083,USD,--,($0.49),($0.49),--
10-Jan-26,Fee,Transaction fee,Order #3945504083,USD,--,($1.56),($1.56),--
10-Jan-26,Tax,Sales tax paid by buyer,Order #3945504083,USD,--,($1.50),($1.50),--
10-Jan-26,Fee,Processing fee,Order #3945504083,USD,--,($1.24),($1.24),--
10-Jan-26,Sale,Payment for Order #3945504083,,USD,$33.08 ,--,$33.08 ,--
10-Jan-26,Fee,Listing fee,Listing #963221772,USD,--,($0.20),($0.20),--
10-Jan-26,Fee,Transaction fee,Order #3939219352,USD,--,($0.58),($0.58),--
10-Jan-26,Fee,Transaction fee,Order #3939219352,USD,--,($0.35),($0.35),--
10-Jan-26,Fee,Transaction fee,Order #3939219352,USD,--,($0.35),($0.35),--
10-Jan-26,Tax,Sales tax paid by buyer,Order #3939219352,USD,--,($1.30),($1.30),--
10-Jan-26,Sale,Payment for Order #3939219352,,USD,$20.99 ,--,$20.99 ,--
10-Jan-26,Fee,Processing fee,Order #3939219352,USD,--,($0.88),($0.88),--
10-Jan-26,Fee,Listing fee,Listing #1051829980,USD,--,($0.20),($0.20),--
10-Jan-26,Fee,Listing fee,Listing #1051829980,USD,--,($0.20),($0.20),--
10-Jan-26,Fee,Transaction fee,Order #3945428529,USD,--,($2.99),($2.99),--
10-Jan-26,Fee,Transaction fee,Order #3945428529,USD,--,($2.60),($2.60),--
10-Jan-26,Tax,Sales tax paid by buyer,Order #3945428529,USD,--,($5.16),($5.16),--
10-Jan-26,Fee,Processing fee,Order #3945428529,USD,--,($2.98),($2.98),--
10-Jan-26,Sale,Payment for Order #3945428529,,USD,$91.16 ,--,$91.16 ,--
10-Jan-26,Fee,Listing fee,Listing #4367737223,USD,--,($0.20),($0.20),--
10-Jan-26,Fee,Listing fee,Listing #4367737223,USD,--,($0.20),($0.20),--
10-Jan-26,Fee,Transaction fee,Order #3939174760,USD,--,($5.07),($5.07),--
10-Jan-26,Buyer Fee,Colorado Retail Delivery Fee (paid by buyer),Order #3939174760,USD,--,($0.28),($0.28),--
10-Jan-26,Tax,Sales tax paid by buyer,Order #3939174760,USD,--,($3.71),($3.71),--
10-Jan-26,Sale,Payment for Order #3939174760,,USD,$81.99 ,--,$81.99 ,--
10-Jan-26,Fee,Processing fee,Order #3939174760,USD,--,($2.71),($2.71),--
10-Jan-26,Fee,Listing fee,Listing #1028711089,USD,--,($0.20),($0.20),--
10-Jan-26,Fee,Listing fee,Listing #1028711089,USD,--,($0.40),($0.40),--
10-Jan-26,Fee,Transaction fee,Order #3938920152,USD,--,($3.25),($3.25),--
10-Jan-26,Fee,Processing fee,Order #3938920152,USD,--,($1.75),($1.75),--
10-Jan-26,Sale,Payment for Order #3938920152,,USD,$50.00 ,--,$50.00 ,--
10-Jan-26,Fee,Listing fee,Listing #959329520,USD,--,($0.20),($0.20),--
10-Jan-26,Fee,Listing fee,Listing #1305473699,USD,--,($0.20),($0.20),--
10-Jan-26,Marketing,Etsy Ads,"Bill for click-throughs to your shop on Jan 9, 2026",USD,--,($25.00),($25.00),--
10-Jan-26,Fee,Transaction fee,Order #3938750496,USD,--,($2.81),($2.81),--
10-Jan-26,Tax,Sales tax paid by buyer,Order #3938750496,USD,--,($2.38),($2.38),--
10-Jan-26,Fee,Processing fee,Order #3938750496,USD,--,($1.62),($1.62),--
10-Jan-26,Sale,Payment for Order #3938750496,,USD,$45.58 ,--,$45.58 ,--
10-Jan-26,Fee,Listing fee,Listing #963221772,USD,--,($0.20),($0.20),--
10-Jan-26,Fee,Listing fee,Listing #963221772,USD,--,($0.20),($0.20),--
10-Jan-26,Marketing,Fee for sale made through Offsite Ads,Order #3938675832,USD,--,($5.62),($5.62),--
10-Jan-26,Fee,Transaction fee,Order #3938675832,USD,--,($1.52),($1.52),--
10-Jan-26,Fee,Transaction fee,Order #3938675832,USD,--,($1.52),($1.52),--
10-Jan-26,Tax,Sales tax paid by buyer,Order #3938675832,USD,--,($3.74),($3.74),--
10-Jan-26,Fee,Processing fee,Order #3938675832,USD,--,($1.77),($1.77),--
10-Jan-26,Sale,Payment for Order #3938675832,,USD,$50.54 ,--,$50.54 ,--
10-Jan-26,Fee,Listing fee,Listing #1289312898,USD,--,($0.20),($0.20),--
10-Jan-26,Fee,Listing fee,Listing #1289312898,USD,--,($0.20),($0.20),--
9-Jan-26,Fee,Transaction fee,Order #3944805047,USD,--,($3.12),($3.12),--
9-Jan-26,Tax,Sales tax paid by buyer,Order #3944805047,USD,--,($2.88),($2.88),--
9-Jan-26,Fee,Processing fee,Order #3944805047,USD,--,($1.78),($1.78),--
9-Jan-26,Sale,Payment for Order #3944805047,,USD,$50.88 ,--,$50.88 ,--
9-Jan-26,Fee,Listing fee,Listing #1316797090,USD,--,($0.20),($0.20),--
9-Jan-26,Fee,Listing fee,Listing #1316797090,USD,--,($0.20),($0.20),--
9-Jan-26,Fee,Transaction fee,Order #3944441779,USD,--,($1.52),($1.52),--
9-Jan-26,Fee,Transaction fee,Order #3944441779,USD,--,($1.64),($1.64),--
9-Jan-26,Tax,Sales tax paid by buyer,Order #3944441779,USD,--,($4.31),($4.31),--
9-Jan-26,Fee,Processing fee,Order #3944441779,USD,--,($1.84),($1.84),--
9-Jan-26,Sale,Payment for Order #3944441779,,USD,$52.91 ,--,$52.91 ,--
9-Jan-26,Fee,Listing fee,Listing #1549511703,USD,--,($0.20),($0.20),--
9-Jan-26,Fee,Listing fee,Listing #1549511703,USD,--,($0.20),($0.20),--
9-Jan-26,Fee,Transaction fee,Order #3944425917,USD,--,($1.08),($1.08),--
9-Jan-26,Fee,Transaction fee,Order #3944425917,USD,--,($1.29),($1.29),--
9-Jan-26,Tax,Sales tax paid by buyer,Order #3944425917,USD,--,($1.98),($1.98),--
9-Jan-26,Sale,Payment for Order #3944425917,,USD,$38.36 ,--,$38.36 ,--
9-Jan-26,Fee,Processing fee,Order #3944425917,USD,--,($1.40),($1.40),--
9-Jan-26,Fee,Listing fee,Listing #1346074297,USD,--,($0.20),($0.20),--
9-Jan-26,Deposit,$208.40 sent to your bank account,,USD,--,--,--,--
9-Jan-26,Fee,Listing fee,Listing #1292202376,USD,--,($0.20),($0.20),--
9-Jan-26,Marketing,Etsy Ads,"Bill for click-throughs to your shop on Jan 8, 2026",USD,--,($25.00),($25.00),--
9-Jan-26,Fee,Transaction fee,Order #3944180749,USD,--,($1.64),($1.64),--
9-Jan-26,Fee,Transaction fee,Order #3944180749,USD,--,($1.64),($1.64),--
9-Jan-26,Fee,Transaction fee,Order #3944180749,USD,--,($1.64),($1.64),--
9-Jan-26,Fee,Transaction fee,Order #3944180749,USD,--,($1.64),($1.64),--
9-Jan-26,Tax,Sales tax paid by buyer,Order #3944180749,USD,--,($6.68),($6.68),--
9-Jan-26,Fee,Processing fee,Order #3944180749,USD,--,($3.47),($3.47),--
9-Jan-26,Sale,Payment for Order #3944180749,,USD,$107.48 ,--,$107.48 ,--
9-Jan-26,Fee,Listing fee,Listing #1304699234,USD,--,($0.20),($0.20),--
9-Jan-26,Fee,Listing fee,Listing #1304699234,USD,--,($0.20),($0.20),--
9-Jan-26,Fee,Listing fee,Listing #1304699234,USD,--,($0.20),($0.20),--
9-Jan-26,Fee,Listing fee,Listing #1304699234,USD,--,($0.20),($0.20),--
9-Jan-26,Fee,Transaction fee,Order #3937722288,USD,--,($0.80),($0.80),--
9-Jan-26,Fee,Transaction fee,Order #3937722288,USD,--,($1.56),($1.56),--
9-Jan-26,Tax,Sales tax paid by buyer,Order #3937722288,USD,--,($2.04),($2.04),--
9-Jan-26,Fee,Processing fee,Order #3937722288,USD,--,($1.40),($1.40),--
9-Jan-26,Sale,Payment for Order #3937722288,,USD,$38.29 ,--,$38.29 ,--
9-Jan-26,Fee,Listing fee,Listing #1769506885,USD,--,($0.20),($0.20),--
8-Jan-26,Fee,Transaction fee,Order #3943847193,USD,--,($3.12),($3.12),--
8-Jan-26,Tax,Sales tax paid by buyer,Order #3943847193,USD,--,($3.00),($3.00),--
8-Jan-26,Fee,Processing fee,Order #3943847193,USD,--,($1.78),($1.78),--
8-Jan-26,Sale,Payment for Order #3943847193,,USD,$51.00 ,--,$51.00 ,--
8-Jan-26,Fee,Listing fee,Listing #1019905683,USD,--,($0.20),($0.20),--
8-Jan-26,Fee,Listing fee,Listing #1019905683,USD,--,($0.20),($0.20),--
8-Jan-26,Fee,Transaction fee,Order #3943503173,USD,--,($6.24),($6.24),--
8-Jan-26,Tax,Sales tax paid by buyer,Order #3943503173,USD,--,($5.76),($5.76),--
8-Jan-26,Fee,Processing fee,Order #3943503173,USD,--,($3.30),($3.30),--
8-Jan-26,Sale,Payment for Order #3943503173,,USD,$101.76 ,--,$101.76 ,--
8-Jan-26,Fee,Listing fee,Listing #1748072704,USD,--,($0.20),($0.20),--
8-Jan-26,Fee,Listing fee,Listing #1748072704,USD,--,($0.60),($0.60),--
8-Jan-26,Marketing,Etsy Ads,"Bill for click-throughs to your shop on Jan 7, 2026",USD,--,($25.00),($25.00),--
7-Jan-26,Marketing,Etsy Ads,"Bill for click-throughs to your shop on Jan 6, 2026",USD,--,($25.00),($25.00),--
7-Jan-26,Fee,Transaction fee,Order #3935759110,USD,--,($0.87),($0.87),--
7-Jan-26,Fee,Transaction fee,Order #3935759110,USD,--,($1.56),($1.56),--
7-Jan-26,Tax,Sales tax paid by buyer,Order #3935759110,USD,--,($2.18),($2.18),--
7-Jan-26,Fee,Processing fee,Order #3935759110,USD,--,($1.44),($1.44),--
7-Jan-26,Sale,Payment for Order #3935759110,,USD,$39.63 ,--,$39.63 ,--
7-Jan-26,Fee,Listing fee,Listing #1019905683,USD,--,($0.20),($0.20),--
7-Jan-26,Fee,Listing fee,Listing #1304705924,USD,--,($0.20),($0.20),--
6-Jan-26,Fee,Listing fee,Listing #1286063068,USD,--,($0.20),($0.20),--
6-Jan-26,Deposit,$306.59 sent to your bank account,,USD,--,--,--,--
6-Jan-26,Marketing,Etsy Ads,"Bill for click-throughs to your shop on Jan 5, 2026",USD,--,($25.00),($25.00),--
6-Jan-26,Fee,Transaction fee,Order #3934623026,USD,--,($0.35),($0.35),--
6-Jan-26,Fee,Transaction fee,Order #3934623026,USD,--,($2.22),($2.22),--
6-Jan-26,Fee,Transaction fee,Order #3934623026,USD,--,($0.35),($0.35),--
6-Jan-26,Tax,Sales tax paid by buyer,Order #3934623026,USD,--,($2.79),($2.79),--
6-Jan-26,Fee,Processing fee,Order #3934623026,USD,--,($1.68),($1.68),--
6-Jan-26,Sale,Payment for Order #3934623026,,USD,$47.79 ,--,$47.79 ,--
6-Jan-26,Fee,Listing fee,Listing #1289498939,USD,--,($0.20),($0.20),--
6-Jan-26,Fee,Listing fee,Listing #970782233,USD,--,($0.20),($0.20),--
6-Jan-26,Fee,Listing fee,Listing #1289498939,USD,--,($0.20),($0.20),--
6-Jan-26,Marketing,Fee for sale made through Offsite Ads,Order #3934618308,USD,--,($5.76),($5.76),--
6-Jan-26,Fee,Transaction fee,Order #3934618308,USD,--,($3.12),($3.12),--
6-Jan-26,Tax,Sales tax paid by buyer,Order #3934618308,USD,--,($2.88),($2.88),--
6-Jan-26,Fee,Processing fee,Order #3934618308,USD,--,($1.78),($1.78),--
6-Jan-26,Sale,Payment for Order #3934618308,,USD,$50.88 ,--,$50.88 ,--
6-Jan-26,Fee,Listing fee,Listing #1748072704,USD,--,($0.20),($0.20),--
6-Jan-26,Fee,Listing fee,Listing #1748072704,USD,--,($0.20),($0.20),--
6-Jan-26,Fee,Transaction fee,Order #3941348775,USD,--,($5.20),($5.20),--
6-Jan-26,Fee,Transaction fee,Order #3941348775,USD,--,($5.98),($5.98),--
6-Jan-26,Tax,Sales tax paid by buyer,Order #3941348775,USD,--,($14.19),($14.19),--
6-Jan-26,Fee,Processing fee,Order #3941348775,USD,--,($5.84),($5.84),--
6-Jan-26,Sale,Payment for Order #3941348775,,USD,$186.19 ,--,$186.19 ,--
6-Jan-26,Fee,Listing fee,Listing #4367739413,USD,--,($0.20),($0.20),--
6-Jan-26,Fee,Listing fee,Listing #4367739413,USD,--,($0.20),($0.20),--
6-Jan-26,Fee,Listing fee,Listing #4367739413,USD,--,($0.20),($0.20),--
6-Jan-26,Fee,Listing fee,Listing #4367739413,USD,--,($0.20),($0.20),--
5-Jan-26,Fee,Transaction fee,Order #3941250481,USD,--,($0.86),($0.86),--
5-Jan-26,Fee,Transaction fee,Order #3941250481,USD,--,($1.56),($1.56),--
5-Jan-26,Tax,Sales tax paid by buyer,Order #3941250481,USD,--,($2.49),($2.49),--
5-Jan-26,Sale,Payment for Order #3941250481,,USD,$39.66 ,--,$39.66 ,--
5-Jan-26,Fee,Processing fee,Order #3941250481,USD,--,($1.44),($1.44),--
5-Jan-26,Fee,Listing fee,Listing #1341649297,USD,--,($0.20),($0.20),--
5-Jan-26,Fee,Transaction fee,Order #3934383462,USD,--,($2.99),($2.99),--
5-Jan-26,Tax,Sales tax paid by buyer,Order #3934383462,USD,--,($3.22),($3.22),--
5-Jan-26,Fee,Processing fee,Order #3934383462,USD,--,($1.73),($1.73),--
5-Jan-26,Sale,Payment for Order #3934383462,,USD,$49.22 ,--,$49.22 ,--
5-Jan-26,Fee,Listing fee,Listing #4367737223,USD,--,($0.20),($0.20),--
5-Jan-26,Marketing,Fee for sale made through Offsite Ads,Order #3941144949,USD,--,($4.15),($4.15),--
5-Jan-26,Fee,Transaction fee,Order #3941144949,USD,--,($0.84),($0.84),--
5-Jan-26,Fee,Transaction fee,Order #3941144949,USD,--,($1.40),($1.40),--
5-Jan-26,Fee,Processing fee,Order #3941144949,USD,--,($1.29),($1.29),--
5-Jan-26,Sale,Payment for Order #3941144949,,USD,$34.56 ,--,$34.56 ,--
5-Jan-26,Fee,Listing fee,Listing #1549511703,USD,--,($0.20),($0.20),--
5-Jan-26,Fee,Listing fee,Listing #1071986144,USD,--,($0.20),($0.20),--
5-Jan-26,Deposit,"$1,005.14 sent to your bank account",,USD,--,--,--,--
5-Jan-26,Marketing,Etsy Ads,"Bill for click-throughs to your shop on Jan 4, 2026",USD,--,($25.00),($25.00),--
5-Jan-26,Fee,Transaction fee,Order #3933627460,USD,--,($1.55),($1.55),--
5-Jan-26,Fee,Transaction fee,Order #3933627460,USD,--,($1.44),($1.44),--
5-Jan-26,Fee,Transaction fee,Order #3933627460,USD,--,($1.44),($1.44),--
5-Jan-26,Tax,Sales tax paid by buyer,Order #3933627460,USD,--,($5.61),($5.61),--
5-Jan-26,Fee,Processing fee,Order #3933627460,USD,--,($2.46),($2.46),--
5-Jan-26,Sale,Payment for Order #3933627460,,USD,$73.61 ,--,$73.61 ,--
5-Jan-26,Fee,Listing fee,Listing #1053919542,USD,--,($0.20),($0.20),--
5-Jan-26,Fee,Listing fee,Listing #975792275,USD,--,($0.20),($0.20),--
5-Jan-26,Fee,Listing fee,Listing #975792275,USD,--,($0.20),($0.20),--
5-Jan-26,Marketing,Fee for sale made through Offsite Ads,Order #3933531760,USD,--,($4.18),($4.18),--
5-Jan-26,Fee,Transaction fee,Order #3933531760,USD,--,($0.72),($0.72),--
5-Jan-26,Fee,Transaction fee,Order #3933531760,USD,--,($1.55),($1.55),--
5-Jan-26,Tax,Sales tax paid by buyer,Order #3933531760,USD,--,($2.52),($2.52),--
5-Jan-26,Fee,Processing fee,Order #3933531760,USD,--,($1.37),($1.37),--
5-Jan-26,Sale,Payment for Order #3933531760,,USD,$37.33 ,--,$37.33 ,--
5-Jan-26,Fee,Listing fee,Listing #970780443,USD,--,($0.20),($0.20),--
5-Jan-26,Fee,Transaction fee,Order #3933491008,USD,--,($2.21),($2.21),--
5-Jan-26,Fee,Transaction fee,Order #3933491008,USD,--,($2.54),($2.54),--
5-Jan-26,Fee,Transaction fee,Order #3933491008,USD,--,($2.54),($2.54),--
5-Jan-26,Tax,Sales tax paid by buyer,Order #3933491008,USD,--,($7.85),($7.85),--
5-Jan-26,Fee,Processing fee,Order #3933491008,USD,--,($3.85),($3.85),--
5-Jan-26,Sale,Payment for Order #3933491008,,USD,$120.05 ,--,$120.05 ,--
5-Jan-26,Fee,Listing fee,Listing #4367737223,USD,--,($0.20),($0.20),--
5-Jan-26,Fee,Listing fee,Listing #4367737223,USD,--,($0.20),($0.20),--
5-Jan-26,Fee,Listing fee,Listing #4367737223,USD,--,($0.20),($0.20),--
4-Jan-26,Fee,Transaction fee,Order #3933363860,USD,--,($5.19),($5.19),--
4-Jan-26,Tax,Sales tax paid by buyer,Order #3933363860,USD,--,($6.19),($6.19),--
4-Jan-26,Fee,Processing fee,Order #3933363860,USD,--,($2.83),($2.83),--
4-Jan-26,Sale,Payment for Order #3933363860,,USD,$86.09 ,--,$86.09 ,--
4-Jan-26,Fee,Listing fee,Listing #953043696,USD,--,($0.20),($0.20),--
4-Jan-26,Marketing,Fee for sale made through Offsite Ads,Order #3933361554,USD,--,($6.12),($6.12),--
4-Jan-26,Fee,Transaction fee,Order #3933361554,USD,--,($1.66),($1.66),--
4-Jan-26,Fee,Transaction fee,Order #3933361554,USD,--,($1.66),($1.66),--
4-Jan-26,Tax,Sales tax paid by buyer,Order #3933361554,USD,--,($4.59),($4.59),--
4-Jan-26,Fee,Processing fee,Order #3933361554,USD,--,($1.92),($1.92),--
4-Jan-26,Sale,Payment for Order #3933361554,,USD,$55.59 ,--,$55.59 ,--
4-Jan-26,Fee,Listing fee,Listing #1536010976,USD,--,($0.20),($0.20),--
4-Jan-26,Fee,Listing fee,Listing #1536010976,USD,--,($0.20),($0.20),--
4-Jan-26,Fee,Listing fee,Listing #1038083338,USD,--,($0.20),($0.20),--
4-Jan-26,Fee,Listing fee,Listing #953432790,USD,--,($0.20),($0.20),--
4-Jan-26,Fee,Transaction fee,Order #3933326188,USD,--,($2.21),($2.21),--
4-Jan-26,Fee,Transaction fee,Order #3933326188,USD,--,($1.55),($1.55),--
4-Jan-26,Fee,Transaction fee,Order #3933326188,USD,--,($1.93),($1.93),--
4-Jan-26,Fee,Listing fee,Listing #953043696,USD,--,($0.20),($0.20),--
4-Jan-26,Fee,Transaction fee,Order #3933326188,USD,--,($2.54),($2.54),--
4-Jan-26,Tax,Sales tax paid by buyer,Order #3933326188,USD,--,($8.39),($8.39),--
4-Jan-26,Fee,Processing fee,Order #3933326188,USD,--,($4.30),($4.30),--
4-Jan-26,Sale,Payment for Order #3933326188,,USD,$135.04 ,--,$135.04 ,--
4-Jan-26,Fee,Listing fee,Listing #1038083338,USD,--,($0.20),($0.20),--
4-Jan-26,Fee,Transaction fee,Order #3933306070,USD,--,($1.33),($1.33),--
4-Jan-26,Fee,Transaction fee,Order #3933306070,USD,--,($1.33),($1.33),--
4-Jan-26,Tax,Sales tax paid by buyer,Order #3933306070,USD,--,($3.52),($3.52),--
4-Jan-26,Fee,Processing fee,Order #3933306070,USD,--,($1.58),($1.58),--
4-Jan-26,Sale,Payment for Order #3933306070,,USD,$44.32 ,--,$44.32 ,--
4-Jan-26,Fee,Listing fee,Listing #1341649297,USD,--,($0.20),($0.20),--
4-Jan-26,Fee,Listing fee,Listing #1191233073,USD,--,($0.20),($0.20),--
4-Jan-26,Fee,Transaction fee,Order #3933282046,USD,--,($1.33),($1.33),--
4-Jan-26,Fee,Transaction fee,Order #3933282046,USD,--,($1.33),($1.33),--
4-Jan-26,Tax,Sales tax paid by buyer,Order #3933282046,USD,--,($2.70),($2.70),--
4-Jan-26,Fee,Processing fee,Order #3933282046,USD,--,($1.56),($1.56),--
4-Jan-26,Sale,Payment for Order #3933282046,,USD,$43.50 ,--,$43.50 ,--
4-Jan-26,Fee,Listing fee,Listing #985519367,USD,--,($0.20),($0.20),--
4-Jan-26,Fee,Listing fee,Listing #1028711089,USD,--,($0.20),($0.20),--
4-Jan-26,Fee,Transaction fee,Order #3933268542,USD,--,($3.32),($3.32),--
4-Jan-26,Fee,Transaction fee,Order #3933268542,USD,--,($1.66),($1.66),--
4-Jan-26,Tax,Sales tax paid by buyer,Order #3933268542,USD,--,($7.08),($7.08),--
4-Jan-26,Fee,Processing fee,Order #3933268542,USD,--,($2.76),($2.76),--
4-Jan-26,Sale,Payment for Order #3933268542,,USD,$83.58 ,--,$83.58 ,--
4-Jan-26,Fee,Listing fee,Listing #4367737223,USD,--,($0.20),($0.20),--
4-Jan-26,Fee,Listing fee,Listing #4367739413,USD,--,($0.20),($0.20),--
4-Jan-26,Fee,Listing fee,Listing #4367737223,USD,--,($0.20),($0.20),--
4-Jan-26,Fee,Transaction fee,Order #3940138327,USD,--,($0.72),($0.72),--
4-Jan-26,Fee,Transaction fee,Order #3940138327,USD,--,($1.33),($1.33),--
4-Jan-26,Tax,Sales tax paid by buyer,Order #3940138327,USD,--,($2.28),($2.28),--
4-Jan-26,Sale,Payment for Order #3940138327,,USD,$33.69 ,--,$33.69 ,--
4-Jan-26,Fee,Processing fee,Order #3940138327,USD,--,($1.26),($1.26),--
4-Jan-26,Fee,Listing fee,Listing #1748072704,USD,--,($0.20),($0.20),--
4-Jan-26,Fee,Transaction fee,Order #3940039485,USD,--,($1.55),($1.55),--
4-Jan-26,Fee,Transaction fee,Order #3940039485,USD,--,($1.33),($1.33),--
4-Jan-26,Fee,Transaction fee,Order #3940039485,USD,--,($1.55),($1.55),--
4-Jan-26,Fee,Transaction fee,Order #3940039485,USD,--,($1.33),($1.33),--
4-Jan-26,Tax,Sales tax paid by buyer,Order #3940039485,USD,--,($7.29),($7.29),--
4-Jan-26,Fee,Processing fee,Order #3940039485,USD,--,($3.12),($3.12),--
4-Jan-26,Sale,Payment for Order #3940039485,,USD,$95.69 ,--,$95.69 ,--
4-Jan-26,Fee,Listing fee,Listing #1013925474,USD,--,($0.20),($0.20),--
4-Jan-26,Fee,Listing fee,Listing #1191233073,USD,--,($0.20),($0.20),--
4-Jan-26,Fee,Listing fee,Listing #1013925474,USD,--,($0.20),($0.20),--
4-Jan-26,Fee,Listing fee,Listing #1341649297,USD,--,($0.20),($0.20),--
4-Jan-26,Fee,Transaction fee,Order #3932813092,USD,--,($2.43),($2.43),--
4-Jan-26,Tax,Sales tax paid by buyer,Order #3932813092,USD,--,($2.48),($2.48),--
4-Jan-26,Fee,Processing fee,Order #3932813092,USD,--,($1.45),($1.45),--
4-Jan-26,Sale,Payment for Order #3932813092,,USD,$39.88 ,--,$39.88 ,--
4-Jan-26,Fee,Listing fee,Listing #1346076039,USD,--,($0.20),($0.20),--
4-Jan-26,Fee,Listing fee,Listing #1346076039,USD,--,($0.20),($0.20),--
4-Jan-26,Marketing,Etsy Ads,"Bill for click-throughs to your shop on Jan 3, 2026",USD,--,($25.00),($25.00),--
4-Jan-26,Fee,Listing fee,Listing #1536023812,USD,--,($0.20),($0.20),--
3-Jan-26,Fee,Transaction fee,Order #3939092263,USD,--,($0.47),($0.47),--
3-Jan-26,Fee,Transaction fee,Order #3939092263,USD,--,($1.33),($1.33),--
3-Jan-26,Tax,Sales tax paid by buyer,Order #3939092263,USD,--,($1.28),($1.28),--
3-Jan-26,Sale,Payment for Order #3939092263,,USD,$28.98 ,--,$28.98 ,--
3-Jan-26,Fee,Processing fee,Order #3939092263,USD,--,($1.12),($1.12),--
3-Jan-26,Fee,Listing fee,Listing #963221772,USD,--,($0.20),($0.20),--
3-Jan-26,Fee,Transaction fee,Order #3931829802,USD,--,($1.12),($1.12),--
3-Jan-26,Fee,Transaction fee,Order #3931829802,USD,--,($1.33),($1.33),--
3-Jan-26,Tax,Sales tax paid by buyer,Order #3931829802,USD,--,($2.63),($2.63),--
3-Jan-26,Fee,Processing fee,Order #3931829802,USD,--,($1.46),($1.46),--
3-Jan-26,Sale,Payment for Order #3931829802,,USD,$40.26 ,--,$40.26 ,--
3-Jan-26,Fee,Listing fee,Listing #1316800608,USD,--,($0.20),($0.20),--
3-Jan-26,Fee,Transaction fee,Order #3938836503,USD,--,($2.65),($2.65),--
3-Jan-26,Tax,Sales tax paid by buyer,Order #3938836503,USD,--,($4.20),($4.20),--
3-Jan-26,Fee,Processing fee,Order #3938836503,USD,--,($1.60),($1.60),--
3-Jan-26,Sale,Payment for Order #3938836503,,USD,$45.00 ,--,$45.00 ,--
3-Jan-26,Fee,Listing fee,Listing #1289312648,USD,--,($0.20),($0.20),--
3-Jan-26,Fee,Listing fee,Listing #1289312648,USD,--,($0.20),($0.20),--
3-Jan-26,Marketing,Etsy Ads,"Bill for click-throughs to your shop on Jan 2, 2026",USD,--,($25.00),($25.00),--
3-Jan-26,Fee,Transaction fee,Order #3931511290,USD,--,($1.33),($1.33),--
3-Jan-26,Fee,Transaction fee,Order #3931511290,USD,--,($1.22),($1.22),--
3-Jan-26,Tax,Sales tax paid by buyer,Order #3931511290,USD,--,($3.23),($3.23),--
3-Jan-26,Sale,Payment for Order #3931511290,,USD,$42.33 ,--,$42.33 ,--
3-Jan-26,Fee,Processing fee,Order #3931511290,USD,--,($1.52),($1.52),--
3-Jan-26,Fee,Listing fee,Listing #1803160906,USD,--,($0.20),($0.20),--
3-Jan-26,Fee,Listing fee,Listing #1803160906,USD,--,($0.20),($0.20),--
3-Jan-26,Fee,Transaction fee,Order #3931458686,USD,--,($1.36),($1.36),--
3-Jan-26,Fee,Transaction fee,Order #3931458686,USD,--,($2.21),($2.21),--
3-Jan-26,Tax,Sales tax paid by buyer,Order #3931458686,USD,--,($4.11),($4.11),--
3-Jan-26,Fee,Processing fee,Order #3931458686,USD,--,($2.02),($2.02),--
3-Jan-26,Sale,Payment for Order #3931458686,,USD,$58.96 ,--,$58.96 ,--
3-Jan-26,Fee,Listing fee,Listing #1038083338,USD,--,($0.20),($0.20),--
3-Jan-26,Fee,Transaction fee,Order #3931409964,USD,--,($0.72),($0.72),--
3-Jan-26,Fee,Transaction fee,Order #3931409964,USD,--,($1.33),($1.33),--
3-Jan-26,Tax,Sales tax paid by buyer,Order #3931409964,USD,--,($1.22),($1.22),--
3-Jan-26,Fee,Processing fee,Order #3931409964,USD,--,($1.23),($1.23),--
3-Jan-26,Sale,Payment for Order #3931409964,,USD,$32.63 ,--,$32.63 ,--
3-Jan-26,Fee,Listing fee,Listing #1748072704,USD,--,($0.20),($0.20),--
2-Jan-26,Fee,Transaction fee,Order #3931195076,USD,--,($2.54),($2.54),--
2-Jan-26,Fee,Transaction fee,Order #3931195076,USD,--,($2.54),($2.54),--
2-Jan-26,Tax,Sales tax paid by buyer,Order #3931195076,USD,--,($7.62),($7.62),--
2-Jan-26,Fee,Processing fee,Order #3931195076,USD,--,($2.82),($2.82),--
2-Jan-26,Sale,Payment for Order #3931195076,,USD,$85.82 ,--,$85.82 ,--
2-Jan-26,Fee,Listing fee,Listing #4367728963,USD,--,($0.20),($0.20),--
2-Jan-26,Fee,Listing fee,Listing #4367728963,USD,--,($0.20),($0.20),--
2-Jan-26,Marketing,Fee for sale made through Offsite Ads,Order #3938248401,USD,--,($6.53),($6.53),--
2-Jan-26,Fee,Transaction fee,Order #3938248401,USD,--,($3.54),($3.54),--
2-Jan-26,Tax,Sales tax paid by buyer,Order #3938248401,USD,--,($3.26),($3.26),--
2-Jan-26,Fee,Processing fee,Order #3938248401,USD,--,($1.98),($1.98),--
2-Jan-26,Sale,Payment for Order #3938248401,,USD,$57.66 ,--,$57.66 ,--
2-Jan-26,Fee,Listing fee,Listing #970782233,USD,--,($0.20),($0.20),--
2-Jan-26,Marketing,Fee for sale made through Offsite Ads,Order #3931003038,USD,--,($4.90),($4.90),--
2-Jan-26,Fee,Transaction fee,Order #3931003038,USD,--,($2.65),($2.65),--
2-Jan-26,Tax,Sales tax paid by buyer,Order #3931003038,USD,--,($3.37),($3.37),--
2-Jan-26,Fee,Processing fee,Order #3931003038,USD,--,($1.58),($1.58),--
2-Jan-26,Sale,Payment for Order #3931003038,,USD,$44.17 ,--,$44.17 ,--
2-Jan-26,Fee,Listing fee,Listing #1216144160,USD,--,($0.20),($0.20),--
2-Jan-26,Fee,Listing fee,Listing #1216144160,USD,--,($0.20),($0.20),--
2-Jan-26,Fee,Transaction fee,Order #3930954934,USD,--,($0.62),($0.62),--
2-Jan-26,Fee,Transaction fee,Order #3930954934,USD,--,($2.21),($2.21),--
2-Jan-26,Tax,Sales tax paid by buyer,Order #3930954934,USD,--,($2.62),($2.62),--
2-Jan-26,Fee,Processing fee,Order #3930954934,USD,--,($1.64),($1.64),--
2-Jan-26,Sale,Payment for Order #3930954934,,USD,$46.20 ,--,$46.20 ,--
2-Jan-26,Fee,Listing fee,Listing #1071979192,USD,--,($0.20),($0.20),--
2-Jan-26,Deposit,$319.87 sent to your bank account,,USD,--,--,--,--
2-Jan-26,Marketing,Etsy Ads,"Bill for click-throughs to your shop on Jan 1, 2026",USD,--,($25.00),($25.00),--
2-Jan-26,Fee,Transaction fee,Order #3930274838,USD,--,($0.86),($0.86),--
2-Jan-26,Fee,Transaction fee,Order #3930274838,USD,--,($1.22),($1.22),--
2-Jan-26,Tax,Sales tax paid by buyer,Order #3930274838,USD,--,($2.87),($2.87),--
2-Jan-26,Fee,Processing fee,Order #3930274838,USD,--,($1.29),($1.29),--
2-Jan-26,Sale,Payment for Order #3930274838,,USD,$34.74 ,--,$34.74 ,--
2-Jan-26,Fee,Listing fee,Listing #1346076039,USD,--,($0.20),($0.20),--
1-Jan-26,Fee,Transaction fee,Order #3937364545,USD,--,($1.12),($1.12),--
1-Jan-26,Fee,Transaction fee,Order #3937364545,USD,--,($2.10),($2.10),--
1-Jan-26,Tax,Sales tax paid by buyer,Order #3937364545,USD,--,($3.65),($3.65),--
1-Jan-26,Fee,Processing fee,Order #3937364545,USD,--,($1.85),($1.85),--
1-Jan-26,Sale,Payment for Order #3937364545,,USD,$53.18 ,--,$53.18 ,--
1-Jan-26,Fee,Listing fee,Listing #970782233,USD,--,($0.20),($0.20),--
1-Jan-26,Fee,Transaction fee,Order #3936986091,USD,--,($2.21),($2.21),--
1-Jan-26,Fee,Transaction fee,Order #3936986091,USD,--,($2.54),($2.54),--
1-Jan-26,Fee,Transaction fee,Order #3936986091,USD,--,($2.54),($2.54),--
1-Jan-26,Tax,Sales tax paid by buyer,Order #3936986091,USD,--,($7.12),($7.12),--
1-Jan-26,Fee,Processing fee,Order #3936986091,USD,--,($3.83),($3.83),--
1-Jan-26,Sale,Payment for Order #3936986091,,USD,$119.32 ,--,$119.32 ,--
1-Jan-26,Fee,Listing fee,Listing #4367737223,USD,--,($0.20),($0.20),--
1-Jan-26,Fee,Listing fee,Listing #4367737223,USD,--,($0.20),($0.20),--
1-Jan-26,Fee,Listing fee,Listing #4367737223,USD,--,($0.20),($0.20),--
1-Jan-26,Fee,Transaction fee,Order #3929381984,USD,--,($3.12),($3.12),--
1-Jan-26,Tax,Sales tax paid by buyer,Order #3929381984,USD,--,($3.72),($3.72),--
1-Jan-26,Fee,Processing fee,Order #3929381984,USD,--,($1.80),($1.80),--
1-Jan-26,Sale,Payment for Order #3929381984,,USD,$51.72 ,--,$51.72 ,--
1-Jan-26,Fee,Listing fee,Listing #1289312648,USD,--,($0.20),($0.20),--
1-Jan-26,Fee,Listing fee,Listing #1289312648,USD,--,($0.20),($0.20),--
1-Jan-26,Fee,Transaction fee,Order #3929380082,USD,--,($1.29),($1.29),--
1-Jan-26,Fee,Transaction fee,Order #3929380082,USD,--,($1.29),($1.29),--
1-Jan-26,Fee,Transaction fee,Order #3929380082,USD,--,($1.40),($1.40),--
1-Jan-26,Buyer Fee,Colorado Retail Delivery Fee (paid by buyer),Order #3929380082,USD,--,($0.28),($0.28),--
1-Jan-26,Tax,Sales tax paid by buyer,Order #3929380082,USD,--,($5.51),($5.51),--
1-Jan-26,Sale,Payment for Order #3929380082,,USD,$66.99 ,--,$66.99 ,--
1-Jan-26,Fee,Processing fee,Order #3929380082,USD,--,($2.26),($2.26),--
1-Jan-26,Fee,Listing fee,Listing #1803160906,USD,--,($0.20),($0.20),--
1-Jan-26,Fee,Listing fee,Listing #1053919542,USD,--,($0.20),($0.20),--
1-Jan-26,Fee,Listing fee,Listing #1803160906,USD,--,($0.20),($0.20),--
1-Jan-26,Marketing,Etsy Ads,"Bill for click-throughs to your shop on Dec 31, 2025",USD,--,($25.00),($25.00),--
1-Jan-26,Fee,Transaction fee,Order #3929316910,USD,--,($2.81),($2.81),--
1-Jan-26,Tax,Sales tax paid by buyer,Order #3929316910,USD,--,($3.35),($3.35),--
1-Jan-26,Fee,Processing fee,Order #3929316910,USD,--,($1.65),($1.65),--
1-Jan-26,Sale,Payment for Order #3929316910,,USD,$46.55 ,--,$46.55 ,--
1-Jan-26,Fee,Listing fee,Listing #1019905683,USD,--,($0.20),($0.20),--
1-Jan-26,Fee,Listing fee,Listing #1019905683,USD,--,($0.20),($0.20),--
1-Jan-26,Marketing,Fee for sale made through Offsite Ads,Order #3936746081,USD,--,($3.78),($3.78),--
1-Jan-26,Fee,Transaction fee,Order #3936746081,USD,--,($0.49),($0.49),--
1-Jan-26,Fee,Transaction fee,Order #3936746081,USD,--,($1.56),($1.56),--
1-Jan-26,Tax,Sales tax paid by buyer,Order #3936746081,USD,--,($2.00),($2.00),--
1-Jan-26,Fee,Processing fee,Order #3936746081,USD,--,($1.26),($1.26),--
1-Jan-26,Sale,Payment for Order #3936746081,,USD,$33.50 ,--,$33.50 ,--
1-Jan-26,Fee,Listing fee,Listing #1549511703,USD,--,($0.20),($0.20),--
1-Jan-26,Fee,Transaction fee,Order #3936707583,USD,--,($2.73),($2.73),--
1-Jan-26,Tax,Sales tax paid by buyer,Order #3936707583,USD,--,($3.89),($3.89),--
1-Jan-26,Fee,Processing fee,Order #3936707583,USD,--,($1.63),($1.63),--
1-Jan-26,Sale,Payment for Order #3936707583,,USD,$45.89 ,--,$45.89 ,--
1-Jan-26,Fee,Listing fee,Listing #1838486915,USD,--,($0.20),($0.20),--
